r30	r30	all five pass
r31	r31	L,
r32	r32	all five pass
r33	r33	E,
r34	r34	all five pass
r35	r35	all five pass
r36	r36	all five pass
r37	r37	all five pass
r38	r38	all five pass
r39	r39	all five pass
r40	r40	all five pass
r41	r41	all five pass
r42	r42	all five pass
r43	r43	all five pass
r44	r44	all five pass
r45	r45	all five pass
r46	r46	all five pass
r47	r47	all five pass
r48	r48	all five pass
r49	r49	B,
n_LMS_1	n_LMS	G,
n_LMS_2	n_LMS	G,
n_LMS_3	n_LMS	G,
n_LMS_4	n_LMS	G,
n_LMS_5	n_LMS	G,
n_LME_1	n_LME	L,E,
n_LME_2	n_LME	L,E,B,
n_LME_3	n_LME	L,E,
n_LME_4	n_LME	L,E,
n_LME_5	n_LME	E,
n_LME_6	n_LME	E,
n_LMB_1	n_LMB	B,G,
n_LMB_2	n_LMB	B,G,
n_LMB_3	n_LMB	B,G,
n_LML_1	n_LML	L,
n_LML_2	n_LML	L,
n_LML_3	n_LML	L,
n_LMO_1	n_LMO	B,
n_LMO_2	n_LMO	B,
